ticket,type,comment,entry_time,exit_time,entry_price,exit_price,pnl,reason
2,BUY,STACK,2026-01-21 01:13:00,2026-01-21 01:29:00,4806.248,4827.256,21.00800000000072,STACK_TP
3,BUY,STACK,2026-01-21 01:29:00,2026-01-21 02:12:00,4827.556,4823.365000000001,-4.190999999998894,STACK_TRAIL_KILL
4,BUY,STACK,2026-01-21 02:14:00,2026-01-21 03:15:00,4828.471,4827.8060000000005,-0.6649999999990541,STACK_TRAIL_KILL
5,BUY,STACK,2026-01-21 03:17:00,2026-01-21 04:23:00,4833.763999999999,4853.677000000001,19.913000000001375,STACK_TP
6,BUY,STACK,2026-01-21 04:23:00,2026-01-21 05:34:00,4853.977,4875.967000000001,21.99000000000069,STACK_TP
7,BUY,STACK,2026-01-21 05:34:00,2026-01-21 06:39:00,4876.267,4868.280000000001,-7.9869999999991705,STACK_TRAIL_KILL
8,BUY,STACK,2026-01-21 06:41:00,2026-01-21 07:07:00,4866.245,4840.927000000001,-25.3179999999993,STACK_SL
9,BUY,STACK,2026-01-21 07:09:00,2026-01-21 08:05:00,4839.799,4862.501,22.702000000000226,STACK_TP
10,BUY,STACK,2026-01-21 08:05:00,2026-01-21 09:53:00,4862.8009999999995,4860.218000000001,-2.5829999999987194,STACK_TRAIL_KILL
11,BUY,STACK,2026-01-21 09:55:00,2026-01-21 14:04:00,4861.612999999999,4852.557000000001,-9.055999999998676,STACK_TRAIL_KILL
12,BUY,STACK,2026-01-21 14:06:00,2026-01-21 14:49:00,4857.749,4853.519,-4.229999999999563,STACK_TRAIL_KILL
13,BUY,STACK,2026-01-21 14:51:00,2026-01-21 15:16:00,4849.571999999999,4852.683,3.111000000000786,STACK_TRAIL_KILL
14,BUY,STACK,2026-01-21 15:18:00,2026-01-21 16:19:00,4839.741999999999,4835.488,-4.253999999998996,STACK_TRAIL_KILL
15,BUY,STACK,2026-01-21 16:21:00,2026-01-21 16:50:00,4836.6269999999995,4830.265,-6.3619999999991705,STACK_TRAIL_KILL
16,BUY,STACK,2026-01-21 16:52:00,2026-01-21 17:03:00,4824.848999999999,4818.887000000001,-5.961999999998625,STACK_TRAIL_KILL
17,BUY,STACK,2026-01-21 17:05:00,2026-01-21 18:58:00,4825.045999999999,4848.8060000000005,23.760000000001128,STACK_TP
18,BUY,STACK,2026-01-21 18:58:00,2026-01-21 19:27:00,4849.106,4818.935,-30.170999999999367,STACK_SL
19,BUY,STACK,2026-01-21 19:29:00,2026-01-21 19:35:00,4816.129,4786.656,-29.472999999999956,STACK_SL
20,BUY,STACK,2026-01-21 19:37:00,2026-01-21 19:44:00,4777.615,4765.738,-11.876999999999498,STACK_TRAIL_KILL
21,BUY,STACK,2026-01-21 19:46:00,2026-01-21 20:14:00,4766.755999999999,4787.052000000001,20.296000000001186,STACK_TP
22,BUY,STACK,2026-01-21 20:14:00,2026-01-21 20:31:00,4787.352,4810.8330000000005,23.481000000000677,STACK_TP
23,BUY,STACK,2026-01-21 20:31:00,2026-01-21 21:19:00,4811.133,4831.711,20.57800000000043,STACK_TP
24,BUY,STACK,2026-01-21 21:19:00,2026-01-21 23:09:00,4832.0109999999995,4803.082,-28.928999999999178,STACK_SL
25,BUY,STACK,2026-01-21 23:11:00,2026-01-21 23:58:00,4807.19,4780.892000000001,-26.297999999998865,STACK_SL
26,BUY,STACK,2026-01-22 00:00:00,2026-01-22 01:01:00,4785.986,4781.72,-4.265999999999622,STACK_TRAIL_KILL
27,BUY,STACK,2026-01-22 01:03:00,2026-01-22 01:17:00,4774.5289999999995,4795.293000000001,20.764000000001033,STACK_TP
28,BUY,STACK,2026-01-22 01:17:00,2026-01-22 02:01:00,4795.593,4791.761,-3.831999999999425,STACK_TRAIL_KILL
29,BUY,STACK,2026-01-22 02:03:00,2026-01-22 05:51:00,4793.192,4815.202,22.01000000000022,STACK_TP
30,BUY,STACK,2026-01-22 05:51:00,2026-01-22 07:16:00,4815.5019999999995,4835.508000000001,20.006000000001222,STACK_TP
31,BUY,STACK,2026-01-22 07:16:00,2026-01-22 15:00:00,4835.808,4829.4580000000005,-6.349999999999454,STACK_TRAIL_KILL
32,BUY,STACK,2026-01-22 15:02:00,2026-01-22 15:31:00,4837.105,4858.848,21.743000000000393,STACK_TP
33,BUY,STACK,2026-01-22 15:31:00,2026-01-22 16:37:00,4859.147999999999,4881.231000000001,22.083000000001448,STACK_TP
34,BUY,STACK,2026-01-22 16:37:00,2026-01-22 17:49:00,4881.531,4903.394,21.863000000000284,STACK_TP
35,BUY,STACK,2026-01-22 17:49:00,2026-01-22 19:14:00,4903.6939999999995,4923.798000000001,20.10400000000118,STACK_TP
36,BUY,STACK,2026-01-22 19:14:00,2026-01-22 23:00:00,4924.098,4944.899,20.801000000000386,STACK_TP
37,BUY,STACK,2026-01-22 23:00:00,2026-01-22 23:16:00,4945.199,4941.2570000000005,-3.941999999999098,STACK_TRAIL_KILL
38,BUY,STACK,2026-01-22 23:18:00,2026-01-23 01:02:00,4946.058,4939.103,-6.954999999999927,STACK_TRAIL_KILL
39,BUY,STACK,2026-01-23 01:04:00,2026-01-23 03:18:00,4946.482999999999,4944.125,-2.357999999999265,STACK_TRAIL_KILL
40,BUY,STACK,2026-01-23 03:20:00,2026-01-23 05:46:00,4942.357,4963.088000000001,20.731000000000677,STACK_TP
41,BUY,STACK,2026-01-23 05:46:00,2026-01-23 08:20:00,4963.388,4930.625,-32.76299999999992,STACK_SL
42,BUY,STACK,2026-01-23 08:22:00,2026-01-23 09:28:00,4928.214,4902.534000000001,-25.67999999999938,STACK_SL
43,BUY,STACK,2026-01-23 09:30:00,2026-01-23 10:25:00,4907.308999999999,4929.1990000000005,21.890000000001237,STACK_TP
44,BUY,STACK,2026-01-23 10:25:00,2026-01-23 13:22:00,4929.499,4929.462,-0.03699999999935244,STACK_TRAIL_KILL
45,BUY,STACK,2026-01-23 13:24:00,2026-01-23 14:41:00,4928.263999999999,4948.120000000001,19.856000000001586,STACK_TP
46,BUY,STACK,2026-01-23 14:41:00,2026-01-23 16:09:00,4948.42,4973.821,25.40099999999984,STACK_TP
47,BUY,STACK,2026-01-23 16:09:00,2026-01-23 17:54:00,4974.120999999999,4970.755,-3.365999999999076,STACK_TRAIL_KILL
48,BUY,STACK,2026-01-23 17:56:00,2026-01-23 18:42:00,4963.383,4967.3,3.917000000000371,STACK_TRAIL_KILL
49,BUY,STACK,2026-01-23 18:44:00,2026-01-23 19:52:00,4964.706999999999,4984.863,20.15600000000086,STACK_TP
50,BUY,STACK,2026-01-23 19:52:00,2026-01-25 23:01:00,4985.163,5019.493,34.33000000000084,STACK_TP
51,BUY,STACK,2026-01-25 23:01:00,2026-01-25 23:54:00,5019.793,5039.765,19.972000000000662,STACK_TP
52,BUY,STACK,2026-01-25 23:54:00,2026-01-26 01:01:00,5040.065,5030.397,-9.667999999999665,STACK_TRAIL_KILL
53,BUY,STACK,2026-01-26 01:03:00,2026-01-26 01:17:00,5039.058,5061.386,22.32800000000043,STACK_TP
54,BUY,STACK,2026-01-26 01:17:00,2026-01-26 01:34:00,5061.686,5083.5650000000005,21.879000000000815,STACK_TP
55,BUY,STACK,2026-01-26 01:34:00,2026-01-26 05:12:00,5083.865,5058.386,-25.47899999999936,STACK_SL
56,BUY,STACK,2026-01-26 05:14:00,2026-01-26 06:01:00,5060.188999999999,5082.162,21.973000000000866,STACK_TP
57,BUY,STACK,2026-01-26 06:01:00,2026-01-26 06:47:00,5082.4619999999995,5107.933,25.47100000000046,STACK_TP
58,BUY,STACK,2026-01-26 06:47:00,2026-01-26 06:58:00,5108.232999999999,5079.901000000001,-28.331999999998516,STACK_SL
59,BUY,STACK,2026-01-26 07:00:00,2026-01-26 08:14:00,5075.839,5095.995000000001,20.15600000000086,STACK_TP
60,BUY,STACK,2026-01-26 08:14:00,2026-01-26 13:02:00,5096.295,5067.028,-29.266999999999825,STACK_SL
61,BUY,STACK,2026-01-26 13:04:00,2026-01-26 14:57:00,5074.503,5094.9220000000005,20.41900000000078,STACK_TP
62,BUY,STACK,2026-01-26 14:57:00,2026-01-26 16:38:00,5095.222,5066.8150000000005,-28.406999999999243,STACK_SL
63,BUY,STACK,2026-01-26 16:40:00,2026-01-26 17:42:00,5077.431,5099.727000000001,22.296000000001186,STACK_TP
64,BUY,STACK,2026-01-26 17:42:00,2026-01-26 18:33:00,5100.027,5073.1900000000005,-26.836999999999534,STACK_SL
65,BUY,STACK,2026-01-26 18:35:00,2026-01-26 19:01:00,5069.281999999999,5059.322,-9.959999999999127,STACK_TRAIL_KILL
66,BUY,STACK,2026-01-26 19:03:00,2026-01-26 19:17:00,5041.892,5044.709000000001,2.8170000000009168,STACK_TRAIL_KILL
67,BUY,STACK,2026-01-26 19:19:00,2026-01-26 19:48:00,5040.476,5012.066000000001,-28.409999999998945,STACK_SL
68,BUY,STACK,2026-01-26 19:50:00,2026-01-26 20:00:00,5011.665999999999,5036.402,24.736000000000786,STACK_TP
69,BUY,STACK,2026-01-26 20:00:00,2026-01-26 20:32:00,5036.701999999999,5057.504000000001,20.8020000000015,STACK_TP
70,BUY,STACK,2026-01-26 20:32:00,2026-01-26 21:15:00,5057.804,5032.647,-25.157000000000153,STACK_SL
71,BUY,STACK,2026-01-26 21:17:00,2026-01-26 21:36:00,5028.843,5001.474,-27.368999999999687,STACK_SL
72,BUY,STACK,2026-01-26 21:38:00,2026-01-26 23:01:00,4999.620999999999,5026.237,26.616000000000895,STACK_TP
73,BUY,STACK,2026-01-26 23:01:00,2026-01-26 23:19:00,5026.536999999999,5046.994000000001,20.457000000001244,STACK_TP
74,BUY,STACK,2026-01-26 23:19:00,2026-01-26 23:59:00,5047.294,5043.479,-3.8149999999996,STACK_TRAIL_KILL
75,BUY,STACK,2026-01-27 00:01:00,2026-01-27 00:50:00,5046.833,5019.263,-27.56999999999971,STACK_SL
76,BUY,STACK,2026-01-27 00:52:00,2026-01-27 01:05:00,5018.579,5043.116,24.537000000000262,STACK_TP
77,BUY,STACK,2026-01-27 01:05:00,2026-01-27 01:13:00,5043.415999999999,5067.694,24.278000000001157,STACK_TP
78,BUY,STACK,2026-01-27 01:13:00,2026-01-27 03:16:00,5067.994,5063.554,-4.4399999999996,STACK_TRAIL_KILL
79,BUY,STACK,2026-01-27 03:18:00,2026-01-27 06:46:00,5069.2339999999995,5089.192,19.95800000000054,STACK_TP
80,BUY,STACK,2026-01-27 06:46:00,2026-01-27 08:02:00,5089.491999999999,5084.798000000001,-4.693999999998596,STACK_TRAIL_KILL
81,BUY,STACK,2026-01-27 08:04:00,2026-01-27 10:33:00,5086.263999999999,5082.523,-3.740999999999076,STACK_TRAIL_KILL
82,BUY,STACK,2026-01-27 10:35:00,2026-01-27 14:05:00,5086.161999999999,5059.098,-27.063999999999396,STACK_SL
83,BUY,STACK,2026-01-27 14:07:00,2026-01-27 14:49:00,5068.822999999999,5065.093000000001,-3.729999999998654,STACK_TRAIL_KILL
84,BUY,STACK,2026-01-27 14:51:00,2026-01-27 15:33:00,5058.218,5078.4890000000005,20.27100000000064,STACK_TP
85,BUY,STACK,2026-01-27 15:33:00,2026-01-27 16:19:00,5078.789,5099.861000000001,21.072000000001026,STACK_TP
86,BUY,STACK,2026-01-27 16:19:00,2026-01-27 20:05:00,5100.161,5120.711,20.550000000000182,STACK_TP
87,BUY,STACK,2026-01-27 20:05:00,2026-01-27 20:14:00,5121.0109999999995,5141.642000000001,20.631000000001222,STACK_TP
88,BUY,STACK,2026-01-27 20:14:00,2026-01-27 20:48:00,5141.942,5163.524,21.582000000000335,STACK_TP
89,BUY,STACK,2026-01-27 20:48:00,2026-01-27 21:03:00,5163.824,5183.939,20.11500000000069,STACK_TP
1,BUY,CORE,2026-01-20 23:03:00,2026-01-27 21:57:00,4763.105,5180.365000000001,417.2600000000011,END_OF_BACKTEST
90,BUY,STACK,2026-01-27 21:03:00,2026-01-27 21:57:00,5184.239,5180.365000000001,-3.873999999998887,END_OF_BACKTEST
