entry_time,exit_time,direction,entry_price,exit_price,pnl,exit_reason,bars_in_trade,month
2025-11-13 07:30:00,2025-11-13 07:45:00,SELL,1.16024,1.1607399999999999,-0.49999999999994493,SL,1,2025-11
2025-11-14 05:45:00,2025-11-14 06:15:00,SELL,1.16475,1.16395,0.7999999999999119,TP,2,2025-11
2025-11-14 13:00:00,2025-11-14 13:15:00,SELL,1.16463,1.16513,-0.49999999999994493,SL,1,2025-11
2025-11-14 13:15:00,2025-11-14 13:30:00,SELL,1.16443,1.16493,-0.49999999999994493,SL,1,2025-11
2025-11-17 13:30:00,2025-11-17 14:30:00,BUY,1.159,1.1585,-0.49999999999994493,SL,4,2025-11
2025-11-17 13:45:00,2025-11-17 14:30:00,BUY,1.15909,1.15859,-0.49999999999994493,SL,3,2025-11
2025-11-17 15:30:00,2025-11-17 15:45:00,BUY,1.15878,1.1595799999999998,0.7999999999999119,TP,1,2025-11
2025-11-17 19:30:00,2025-11-18 03:00:00,BUY,1.1586400000000001,1.15944,0.7999999999999119,TP,30,2025-11
2025-11-18 08:00:00,2025-11-18 08:30:00,SELL,1.1604700000000001,1.1596700000000002,0.7999999999999119,TP,2,2025-11
2025-11-18 15:00:00,2025-11-18 15:30:00,SELL,1.16015,1.16065,-0.49999999999994493,SL,2,2025-11
2025-11-18 15:15:00,2025-11-18 15:45:00,SELL,1.1605699999999999,1.15977,0.7999999999999119,TP,2,2025-11
2025-11-27 00:00:00,2025-11-27 01:15:00,SELL,1.16013,1.16063,-0.49999999999994493,SL,5,2025-11
2025-11-27 00:15:00,2025-11-27 01:30:00,SELL,1.16027,1.1607699999999999,-0.49999999999994493,SL,5,2025-11
2025-11-27 00:30:00,2025-11-27 01:15:00,SELL,1.16015,1.16065,-0.49999999999994493,SL,3,2025-11
2025-11-27 00:45:00,2025-11-27 01:30:00,SELL,1.1602000000000001,1.1607,-0.49999999999994493,SL,3,2025-11
2025-11-27 01:00:00,2025-11-27 01:45:00,SELL,1.16054,1.1610399999999998,-0.49999999999994493,SL,3,2025-11
2025-11-27 01:15:00,2025-11-27 01:45:00,SELL,1.16059,1.16109,-0.49999999999994493,SL,2,2025-11
2025-11-27 01:30:00,2025-11-27 01:45:00,SELL,1.16059,1.16109,-0.49999999999994493,SL,1,2025-11
2025-11-27 07:00:00,2025-11-27 09:00:00,BUY,1.15886,1.15836,-0.49999999999994493,SL,8,2025-11
2025-11-27 07:15:00,2025-11-27 09:00:00,BUY,1.15875,1.15825,-0.49999999999994493,SL,7,2025-11
2025-11-27 07:30:00,2025-11-27 08:00:00,BUY,1.15862,1.15942,0.7999999999999119,TP,2,2025-11
2025-11-27 07:45:00,2025-11-27 09:00:00,BUY,1.15912,1.15862,-0.49999999999994493,SL,5,2025-11
2025-11-27 08:00:00,2025-11-27 09:00:00,BUY,1.15878,1.15828,-0.49999999999994493,SL,4,2025-11
2025-11-28 01:30:00,2025-11-28 02:45:00,BUY,1.15863,1.15813,-0.49999999999994493,SL,5,2025-11
2025-11-28 02:15:00,2025-11-28 02:45:00,BUY,1.1586,1.1581000000000001,-0.49999999999994493,SL,2,2025-11
2025-11-28 20:15:00,2025-11-30 22:00:00,SELL,1.16013,1.1593300000000002,0.7999999999999119,TP,7,2025-11
2025-12-01 03:00:00,2025-12-01 04:30:00,BUY,1.15912,1.1599199999999998,0.7999999999999119,TP,6,2025-12
2025-12-01 07:45:00,2025-12-01 08:00:00,SELL,1.16066,1.16116,-0.49999999999994493,SL,1,2025-12
2025-12-03 06:15:00,2025-12-03 07:00:00,SELL,1.16461,1.1651099999999999,-0.49999999999994493,SL,3,2025-12
2025-12-03 07:15:00,2025-12-03 08:00:00,SELL,1.16464,1.16384,0.7999999999999119,TP,3,2025-12
2025-12-05 16:00:00,2025-12-05 17:30:00,BUY,1.16318,1.16398,0.7999999999999119,TP,6,2025-12
2025-12-05 16:15:00,2025-12-05 17:45:00,BUY,1.16339,1.1641899999999998,0.7999999999999119,TP,6,2025-12
2025-12-05 16:30:00,2025-12-05 18:00:00,BUY,1.16358,1.16438,0.7999999999999119,TP,6,2025-12
2025-12-05 16:45:00,2025-12-05 17:45:00,BUY,1.1634,1.1642,0.7999999999999119,TP,4,2025-12
2025-12-08 00:30:00,2025-12-08 03:00:00,SELL,1.16494,1.16544,-0.49999999999994493,SL,10,2025-12
2025-12-08 15:00:00,2025-12-08 15:15:00,BUY,1.16302,1.16252,-0.49999999999994493,SL,1,2025-12
2025-12-09 01:45:00,2025-12-09 07:15:00,SELL,1.16467,1.1638700000000002,0.7999999999999119,TP,22,2025-12
2025-12-09 02:00:00,2025-12-09 08:00:00,SELL,1.16456,1.1637600000000001,0.7999999999999119,TP,24,2025-12
2025-12-09 02:15:00,2025-12-09 08:00:00,SELL,1.16458,1.16378,0.7999999999999119,TP,23,2025-12
2025-12-09 03:00:00,2025-12-09 07:15:00,SELL,1.16459,1.16379,0.7999999999999119,TP,17,2025-12
2025-12-09 03:15:00,2025-12-09 07:15:00,SELL,1.16459,1.16379,0.7999999999999119,TP,16,2025-12
2025-12-09 04:45:00,2025-12-09 07:15:00,SELL,1.16462,1.16382,0.7999999999999119,TP,10,2025-12
2025-12-09 05:15:00,2025-12-09 07:00:00,SELL,1.16489,1.16409,0.7999999999999119,TP,7,2025-12
2025-12-09 05:30:00,2025-12-09 07:15:00,SELL,1.16478,1.16398,0.7999999999999119,TP,7,2025-12
2025-12-09 05:45:00,2025-12-09 07:00:00,SELL,1.1648399999999999,1.16404,0.7999999999999119,TP,5,2025-12
2025-12-09 14:15:00,2025-12-09 15:00:00,BUY,1.1631,1.1626,-0.49999999999994493,SL,3,2025-12
2025-12-10 07:45:00,2025-12-10 08:30:00,SELL,1.16476,1.16526,-0.49999999999994493,SL,3,2025-12
2025-12-10 08:00:00,2025-12-10 08:15:00,SELL,1.16449,1.16499,-0.49999999999994493,SL,1,2025-12
2025-12-10 15:00:00,2025-12-10 15:30:00,SELL,1.1645699999999999,1.16377,0.7999999999999119,TP,2,2025-12
2025-12-10 16:15:00,2025-12-10 17:15:00,SELL,1.16465,1.16515,-0.49999999999994493,SL,4,2025-12
2025-12-10 16:45:00,2025-12-10 17:15:00,SELL,1.16495,1.1654499999999999,-0.49999999999994493,SL,2,2025-12
2025-12-10 20:15:00,2025-12-10 23:15:00,SELL,1.16938,1.16988,-0.49999999999994493,SL,12,2025-12
2025-12-12 08:45:00,2025-12-12 11:15:00,BUY,1.17278,1.17228,-0.49999999999994493,SL,10,2025-12
2025-12-12 10:45:00,2025-12-12 11:30:00,BUY,1.17272,1.17222,-0.49999999999994493,SL,3,2025-12
2025-12-12 17:30:00,2025-12-12 19:00:00,SELL,1.17476,1.1739600000000001,0.7999999999999119,TP,6,2025-12
2025-12-12 17:45:00,2025-12-12 19:00:00,SELL,1.17471,1.17391,0.7999999999999119,TP,5,2025-12
2025-12-12 18:00:00,2025-12-12 19:00:00,SELL,1.17459,1.1737900000000001,0.7999999999999119,TP,4,2025-12
2025-12-12 18:15:00,2025-12-12 19:00:00,SELL,1.17475,1.17395,0.7999999999999119,TP,3,2025-12
2025-12-12 18:30:00,2025-12-12 19:00:00,SELL,1.17461,1.17381,0.7999999999999119,TP,2,2025-12
2025-12-15 00:15:00,2025-12-15 01:30:00,BUY,1.17285,1.1736499999999999,0.7999999999999119,TP,5,2025-12
2025-12-15 00:30:00,2025-12-15 01:30:00,BUY,1.17302,1.1738199999999999,0.7999999999999119,TP,4,2025-12
2025-12-15 07:45:00,2025-12-15 08:30:00,BUY,1.17281,1.1736099999999998,0.7999999999999119,TP,3,2025-12
2025-12-15 11:15:00,2025-12-15 12:00:00,SELL,1.1746699999999999,1.1751699999999998,-0.49999999999994493,SL,3,2025-12
2025-12-15 11:30:00,2025-12-15 12:15:00,SELL,1.17481,1.1753099999999999,-0.49999999999994493,SL,3,2025-12
2025-12-15 11:45:00,2025-12-15 12:15:00,SELL,1.17484,1.17534,-0.49999999999994493,SL,2,2025-12
2025-12-17 04:15:00,2025-12-17 05:30:00,BUY,1.173,1.1725,-0.49999999999994493,SL,5,2025-12
2025-12-17 04:30:00,2025-12-17 06:00:00,BUY,1.17291,1.17241,-0.49999999999994493,SL,6,2025-12
2025-12-17 04:45:00,2025-12-17 06:00:00,BUY,1.17294,1.1724400000000001,-0.49999999999994493,SL,5,2025-12
2025-12-18 05:45:00,2025-12-18 07:45:00,SELL,1.1745700000000001,1.1737700000000002,0.7999999999999119,TP,8,2025-12
2025-12-18 08:30:00,2025-12-18 09:00:00,BUY,1.1732,1.1727,-0.49999999999994493,SL,2,2025-12
2025-12-18 08:45:00,2025-12-18 09:00:00,BUY,1.17318,1.17268,-0.49999999999994493,SL,1,2025-12
2025-12-18 13:45:00,2025-12-18 14:00:00,SELL,1.17465,1.17515,-0.49999999999994493,SL,1,2025-12
2025-12-22 13:00:00,2025-12-22 14:15:00,SELL,1.17493,1.17543,-0.49999999999994493,SL,5,2025-12
2025-12-22 13:15:00,2025-12-22 13:30:00,SELL,1.17466,1.17516,-0.49999999999994493,SL,1,2025-12
2025-12-24 02:00:00,2025-12-24 02:45:00,SELL,1.1807,1.1799000000000002,0.7999999999999119,TP,3,2025-12
2025-12-31 07:15:00,2025-12-31 08:00:00,BUY,1.17313,1.17393,0.7999999999999119,TP,3,2025-12
2025-12-31 08:15:00,2025-12-31 08:45:00,BUY,1.17291,1.17241,-0.49999999999994493,SL,2,2025-12
2025-12-31 08:30:00,2025-12-31 08:45:00,BUY,1.1729,1.1724,-0.49999999999994493,SL,1,2025-12
2025-12-31 11:30:00,2025-12-31 12:00:00,SELL,1.17455,1.17505,-0.49999999999994493,SL,2,2025-12
2025-12-31 11:45:00,2025-12-31 12:15:00,SELL,1.1746699999999999,1.1751699999999998,-0.49999999999994493,SL,2,2025-12
2025-12-31 14:45:00,2025-12-31 15:00:00,BUY,1.17301,1.1725100000000002,-0.49999999999994493,SL,1,2025-12
2025-12-31 20:15:00,2025-12-31 20:45:00,SELL,1.1746,1.1751,-0.49999999999994493,SL,2,2025-12
2025-12-31 20:30:00,2026-01-02 00:00:00,SELL,1.1747,1.1752,-0.49999999999994493,SL,14,2025-12
2026-01-01 23:30:00,2026-01-02 00:45:00,SELL,1.17494,1.17544,-0.49999999999994493,SL,5,2026-01
2026-01-05 09:00:00,2026-01-05 09:45:00,BUY,1.16792,1.1674200000000001,-0.49999999999994493,SL,3,2026-01
2026-01-05 09:30:00,2026-01-05 10:00:00,BUY,1.16753,1.1683299999999999,0.7999999999999119,TP,2,2026-01
2026-01-05 15:00:00,2026-01-05 15:30:00,SELL,1.1694,1.1699,-0.49999999999994493,SL,2,2026-01
2026-01-05 15:15:00,2026-01-05 15:45:00,SELL,1.16956,1.1700599999999999,-0.49999999999994493,SL,2,2026-01
2026-01-05 15:30:00,2026-01-05 15:45:00,SELL,1.16959,1.1700899999999999,-0.49999999999994493,SL,1,2026-01
2026-01-07 08:00:00,2026-01-07 08:45:00,BUY,1.16765,1.16845,0.7999999999999119,TP,3,2026-01
2026-01-07 08:15:00,2026-01-07 08:30:00,BUY,1.16749,1.1682899999999998,0.7999999999999119,TP,1,2026-01
2026-01-07 14:45:00,2026-01-07 15:00:00,SELL,1.16967,1.16887,0.7999999999999119,TP,1,2026-01
2026-01-07 19:15:00,2026-01-07 21:30:00,BUY,1.16795,1.16745,-0.49999999999994493,SL,9,2026-01
2026-01-07 20:45:00,2026-01-07 21:30:00,BUY,1.16785,1.16735,-0.49999999999994493,SL,3,2026-01
2026-01-07 21:00:00,2026-01-08 01:30:00,BUY,1.16776,1.16726,-0.49999999999994493,SL,18,2026-01
2026-01-07 21:15:00,2026-01-08 08:30:00,BUY,1.16755,1.1670500000000001,-0.49999999999994493,SL,45,2026-01
2026-01-07 21:30:00,2026-01-08 08:30:00,BUY,1.16761,1.16711,-0.49999999999994493,SL,44,2026-01
2026-01-07 22:15:00,2026-01-08 08:30:00,BUY,1.16749,1.16699,-0.49999999999994493,SL,41,2026-01
2026-01-07 22:30:00,2026-01-08 08:30:00,BUY,1.16751,1.16701,-0.49999999999994493,SL,40,2026-01
2026-01-07 23:30:00,2026-01-08 08:30:00,BUY,1.16757,1.16707,-0.49999999999994493,SL,36,2026-01
2026-01-08 00:45:00,2026-01-08 08:30:00,BUY,1.16755,1.1670500000000001,-0.49999999999994493,SL,31,2026-01
2026-01-09 14:30:00,2026-01-09 15:00:00,BUY,1.16337,1.16287,-0.49999999999994493,SL,2,2026-01
2026-01-12 13:00:00,2026-01-12 13:45:00,SELL,1.1691799999999999,1.1696799999999998,-0.49999999999994493,SL,3,2026-01
2026-01-12 13:30:00,2026-01-12 13:45:00,SELL,1.16919,1.16969,-0.49999999999994493,SL,1,2026-01
2026-01-12 13:45:00,2026-01-12 14:00:00,SELL,1.16924,1.1684400000000001,0.7999999999999119,TP,1,2026-01
2026-01-14 06:45:00,2026-01-14 08:15:00,SELL,1.16486,1.16406,0.7999999999999119,TP,6,2026-01
2026-01-14 07:00:00,2026-01-14 10:15:00,SELL,1.1648399999999999,1.1653399999999998,-0.49999999999994493,SL,13,2026-01
2026-01-14 07:15:00,2026-01-14 09:45:00,SELL,1.16482,1.16532,-0.49999999999994493,SL,10,2026-01
2026-01-14 07:30:00,2026-01-14 10:15:00,SELL,1.1648399999999999,1.1653399999999998,-0.49999999999994493,SL,11,2026-01
2026-01-14 09:00:00,2026-01-14 10:15:00,SELL,1.16491,1.1654099999999998,-0.49999999999994493,SL,5,2026-01
2026-01-15 04:45:00,2026-01-15 07:15:00,BUY,1.16344,1.16294,-0.49999999999994493,SL,10,2026-01
2026-01-15 06:00:00,2026-01-15 07:15:00,BUY,1.16337,1.16287,-0.49999999999994493,SL,5,2026-01
2026-01-15 07:00:00,2026-01-15 07:15:00,BUY,1.16311,1.1626100000000001,-0.49999999999994493,SL,1,2026-01
2026-01-16 15:30:00,2026-01-16 15:45:00,BUY,1.15894,1.15974,0.7999999999999119,TP,1,2026-01
2026-01-19 17:45:00,2026-01-20 00:00:00,SELL,1.1645699999999999,1.16377,0.7999999999999119,TP,25,2026-01
2026-01-19 18:00:00,2026-01-19 23:15:00,SELL,1.16477,1.1639700000000002,0.7999999999999119,TP,21,2026-01
2026-01-19 18:15:00,2026-01-19 23:30:00,SELL,1.1647,1.1639000000000002,0.7999999999999119,TP,21,2026-01
2026-01-19 18:30:00,2026-01-20 00:00:00,SELL,1.1645,1.1637000000000002,0.7999999999999119,TP,22,2026-01
2026-01-19 19:00:00,2026-01-19 23:30:00,SELL,1.16462,1.16382,0.7999999999999119,TP,18,2026-01
2026-01-19 19:15:00,2026-01-19 23:30:00,SELL,1.16461,1.16381,0.7999999999999119,TP,17,2026-01
2026-01-20 00:30:00,2026-01-20 01:00:00,BUY,1.16336,1.1641599999999999,0.7999999999999119,TP,2,2026-01
2026-01-21 23:15:00,2026-01-21 23:30:00,BUY,1.16765,1.1671500000000001,-0.49999999999994493,SL,1,2026-01
2026-01-21 23:30:00,2026-01-22 00:30:00,BUY,1.16745,1.16825,0.7999999999999119,TP,4,2026-01
2026-01-22 00:00:00,2026-01-22 00:30:00,BUY,1.1678,1.1685999999999999,0.7999999999999119,TP,2,2026-01
2026-01-22 00:15:00,2026-01-22 00:30:00,BUY,1.16775,1.16855,0.7999999999999119,TP,1,2026-01
2026-01-22 04:00:00,2026-01-22 05:15:00,SELL,1.1696,1.1688,0.7999999999999119,TP,5,2026-01
2026-01-22 20:00:00,2026-01-22 20:45:00,SELL,1.17466,1.17516,-0.49999999999994493,SL,3,2026-01
2026-01-22 20:15:00,2026-01-22 20:45:00,SELL,1.17466,1.17516,-0.49999999999994493,SL,2,2026-01
2026-01-22 20:45:00,2026-01-22 21:15:00,SELL,1.17487,1.17537,-0.49999999999994493,SL,2,2026-01
2026-01-22 21:00:00,2026-01-22 21:15:00,SELL,1.17485,1.17535,-0.49999999999994493,SL,1,2026-01
2026-01-23 08:15:00,2026-01-23 08:30:00,BUY,1.17309,1.1738899999999999,0.7999999999999119,TP,1,2026-01
2026-01-23 10:00:00,2026-01-23 11:45:00,BUY,1.1731,1.1739,0.7999999999999119,TP,7,2026-01
2026-01-23 10:15:00,2026-01-23 11:45:00,BUY,1.17317,1.17397,0.7999999999999119,TP,6,2026-01
2026-01-23 15:15:00,2026-01-23 15:45:00,SELL,1.17495,1.1754499999999999,-0.49999999999994493,SL,2,2026-01
